{
  "timestamp": "2026-02-03T19:24:12.585Z",
  "metrics": {
    "requests": {
      "total": 29256,
      "rate": 81.25455973726582
    },
    "latency": {
      "avg": 4.618786300246092,
      "p50": 0,
      "p90": 7.708500000000002,
      "p95": 11.752999999999995,
      "p99": 0,
      "max": 81.362
    },
    "errors": {
      "rate": 0
    }
  },
  "thresholds": {
    "passed": true
  }
}